ID,Person,Category,Origin,Gender,Athenian Citizen,Roman Citizen,Family,Extended,Praenomen,Nomen,Cognomen,Onomos,Patronym,Deme,Uncertain Person
2028,Khairion Dionysiou,Athenian,Athens,Male,t,f,,,,,,Khairion,Dionysiou,Marathon,f
2029,[?] Heath-Initiate,Athenian,Athens,Uncertain,t,f,,,,,,,,,f
2030,[?] Heath-Initiate,Athenian,Athens,Uncertain,t,f,,,,,,,,,f
2031,[?] Priestess of Demeter & Kore,Athenian,Athens,Female,t,f,,,,,,,,,f
2032,[?] Daduch from Hagnous,Athenian,Athens,Male,t,f,Hagnous/Akharnid Daduchs,Hagnous/Akharnid Daduchs,,,,,,Hagnous,f
2033,Dionysios Athenagorou,Athenian,Athens,Male,t,f,Athenagoridai,,,,,Dionysios,Athenagorou,Melite,f
2034,Quintus Pompeius Auli,Roman,Rome,Male,f,t,,,Quintus,Pompeius,,,Auli,,f
2035,Aulus Pompeius Auli,Roman,Rome,Male,f,t,,,Aulus,Pompeius,,,Auli,,f
2036,Sextus Pompeius Auli,Roman,Rome,Male,f,t,,,Sextus,Pompeius,,,Auli,,f
2037,[?] Hierophantis Amphiou,Athenian,Athens,Female,t,f,,,,,,,Amphiou,,f
2038,L. Munatius Plancus,Roman,Rome,Male,f,t,,,Lucius,Munatius,Plancus,,,,f
2039,Ap. Claudius Pulcher,Roman,Rome,Male,f,t,,,Appius,Claudius,Pulcher,,,,f
2040,Pulcher Claudius,Roman,Rome,Male,f,t,,,Pulcher,Claudius,,,,,f
2041,Rex Marcius,Roman,Rome,Male,f,t,,,Rex,Marcius,,,,,f
2042,Khrysothemis Phaidrou,Athenian,Athens,Female,t,f,Lysiadidai,,,,,Khrysothemis,Phaidrou,Berenikidai,f
2043,Phaidros Lysiadou,Athenian,Athens,Male,t,f,Lysiadidai,,,,,Phaidros,Lysiadou,Berenikidai,f
2044,Pomponianus Atticus,Roman,Rome,Male,f,t,,,Quintus,Pomponianus,Atticus,,,,f
2045,Lysiades Phaidrou,Athenian,Athens,Female,t,f,Lysiadidai,,,,,Lysiades,Phaidrou,Berenikidai,f
2046,Sempronia,Roman,Rome,Female,f,t,,,Sempronia,,,,Lucii,,f
2047,L. Gellius Publicola,Roman,Rome,Male,f,t,,,Lucius,Gellius,Publicola,,,,f
2048,G. Creperius,Roman,Rome,Male,f,t,,,Gaius,Creperius,,,,,f
2049,M. Titius,Roman,Rome,Male,f,t,,,Marcus,Titius,,,,,f
2050,Kallikratides Syndromou,Athenian,Athens,Male,t,f,Oinophileid,,,,,Kallikratides,Syndromou,,f
2051,Livia Drusilla,Imperial Family Member,Rome,Female,f,t,,,Livia,Drusilla,,,,,f
2052,Augustus,Imperial Family Member,Rome,Male,f,t,,,Gaius,Iulius,Caesar Augustus,,,,f
2054,Theophrastos Themistokleous,Athenian,Athens,Male,t,f,Hagnous/Akharnid Daduchs,Hagnous/Akharnid Daduchs,,,,Theophrastos,Themistokleous,Hagnous,f
2055,Lamidion Apolexidos,Athenian,Athens,Male,t,f,,,,,,Lamidion,Apolexidos,Oion,f
2056,Apolexis I,Athenian,Athens,Male,t,f,,,,,,Apolexis,,Oion,f
2057,Ladameia Lysandrou,Athenian,Athens,Female,t,f,,,,,,Ladameia,Lysandrou,Peiraius,f
2058,Apolexis II,Athenian,Athens,Male,t,f,,,,,,Apolexis,Apolexidos,Oion,f
2059,Metrophanes Dionysiou,Athenian,Athens,Male,t,f,,,,,,Metrophanes,Dionysiou,Athmonon,f
2060,Menophilos Satyrou,Athenian,Athens,Male,t,f,,,,,,Menophilos,Satyrou,Berenikidai,f
2061,Diotimos Diodorou,Athenian,Athens,Male,t,f,,,,,,Diotimos,Diodorou,Halai Aixonides,f
2062,Epikrates Kallimakhou,Athenian,Athens,Male,t,f,,,,,,Epikrates,Kallimakhou,Leukonion,f
2063,Leontios Timarkhou Kephesieos,Athenian,Athens,Male,t,f,,,,,,Leontios,Timarkhou,Kephesia,f
2064,Dionysios Demostratos,Athenian,Athens,Male,t,f,,,,,,Dionysios,Demostratou,Pallene,f
2065,Theophilos Menekrates,Athenian,Athens,Male,t,f,,,,,,Theophilos,Menekratous,Kholleidai,f
2066,Gorgippos Eudemos,Athenian,Athens,Male,t,f,,,,,,Gorgippos,Eudemou,Melite,f
2067,Dositheos Kleomenes,Athenian,Athens,Male,t,f,,,,,,Dositheos,Kleomenous,Marathon,f
2068,Aristodemos Argeiou,Athenian,Athens,Male,t,f,,,,,,Aristodemos,Argeiou,Trikorysios,f
2069,Menneos Menneou,Athenian,Athens,Male,t,f,,,,,,Menneos,Menneou,Azenia,f
2070,Philemon Philemonos,Athenian,Athens,Male,t,f,,,,,,Philemon,Philemonos,Melite,f
2071,Apolexis Apellikontos,Athenian,Athens,Male,t,f,,,,,,Apolexis,Apellikon,Oion,f
2072,Demokhares Menandros,Athenian,Athens,Male,t,f,,,,,,Demokhares,Menandros,Azenia,f
2073,Sarapion Diokleous,Athenian,Athens,Male,t,f,,,,,,Sarapion,Diokleous,Melite,f
2074,Diokles Diokleous,Athenian,Athens,Male,t,f,,,,,,Diokles,Diokleous,Melite,f
2075,Arkhitimos Arkhitimou,Athenian,Athens,Male,t,f,,,,,,Arkhitimos,Arkhitimou,Sphettos,f
2076,Themistokles Xenokleous,Athenian,Athens,Male,t,f,Hagnous/Akharnid Daduchs,Hagnous/Akharnid Daduchs,,,,Themistokles,Xenokleous,Melite,f
2077,Dionysodoros Dionysodorou,Athenian,Athens,Male,t,f,,,,,,Dionysodoros,Dionysodorou,Deiradiotai,f
2078,Kikhesias Leontos,Athenian,Athens,Male,t,f,,,,,,Kikhesias,Leontou,Aixone,f
2079,Apollonios Ktesikleous,Athenian,Athens,Male,t,f,Hagnous/Akharnid Daduchs,Hagnous/Akharnid Daduchs,,,,Apollonios,Ktesikleous,Akharnai,f
2080,Demostratos Dionysiou,Athenian,Athens,Male,t,f,,,,,,Demostratos,Dionysiou,Pallene,f
2081,Timosthenes Timarkhou,Athenian,Athens,Male,t,f,,,,,,Timosthenes,Timarkhou,Kephesia,f
2082,Menandros Demokharous,Athenian,Athens,Male,t,f,,,,,,Menandros,Demkharous,Azenia,f
2083,Aristaikhmos Ammoniou,Athenian,Athens,Male,t,f,,,,,,Aristaikhmos,Ammoniou,Anaphlystos,f
2084,Sophokles Philotou,Athenian,Athens,Male,t,f,,,,,,Sophokles,Philotou,Sounion,f
2085,Dionysodoros Deiradiotou,Athenian,Athens,Male,t,f,,,,,,Dionysodoros,,Deiradiotai,f
2086,Iophon Dionysodoros Deiradiotes,Athenian,Athens,Male,t,f,,,,,,Iophon,Dionysodorou,Deiradiotai,f
2087,Alexandros Agathokleous,Athenian,Athens,Male,t,f,,,,,,Alexandros,Agathokleous,Leukonion,f
2088,Euphron Euphrontos,Athenian,Athens,Male,t,f,,,,,,Euphron,Euphrontos,Marathon,f
2089,Seleukos Demeou,Athenian,Athens,Male,t,f,,,,,,Seleukos,Demeou,Halai Aixonides,f
2090,Mikion Philokratou,Athenian,Athens,Male,t,f,,,,,,Mikion,Philokratou,Peiraius,f
2091,Themistokles II Theophrastou,Athenian,Athens,Male,t,f,Hagnous/Akharnid Daduchs,Hagnous/Akharnid Daduchs,,,,Themistokles,Theophrastou,Hagnous,f
2092,Themistokles I Theophrastou,Athenian,Athens,Male,t,f,Hagnous/Akharnid Daduchs,Hagnous/Akharnid Daduchs,,,,Themistokles,Theophrastou,Hagnous,f
2093,Leontios Sophokleous,Athenian,Athens,Male,t,f,Hagnous/Akharnid Daduchs,Hagnous/Akharnid Daduchs,,,,Leontios,Sophokleous,Akharnai,f
2094,Philoxenidos (Sophokleous),Athenian,Athens,Male,t,f,Hagnous/Akharnid Daduchs,Hagnous/Akharnid Daduchs,,,,Philoxenidos,Sophokleous,Akharnai,f
2095,Kephisodoros,Athenian,Athens,Male,t,f,Hagnous/Akharnid Daduchs,Hagnous/Akharnid Daduchs,,,,Kephisodoros,,Hagnous,f
2096,Philistides,Athenian,Athens,Male,t,f,Hagnous/Akharnid Daduchs,Hagnous/Akharnid Daduchs,,,,Philistides,,Hagnous,f
2097,Philoxenis,Athenian,Athens,Male,t,f,Hagnous/Akharnid Daduchs,Hagnous/Akharnid Daduchs,,,,Philoxenis,,Hagnous,f
2098,Themistokles A(TBD),Athenian,Athens,Male,t,f,Hagnous/Akharnid Daduchs,Hagnous/Akharnid Daduchs,,,,Themistokles,,Hagnous,f
2099,Antiphon,Athenian,Athens,Male,t,f,Hagnous/Akharnid Daduchs,Hagnous/Akharnid Daduchs,,,,Antiphon,,Hagnous,f
2100,Hermoteimos,Athenian,Athens,Male,t,f,Hagnous/Akharnid Daduchs,Hagnous/Akharnid Daduchs,,,,Hermoteimos,,,f
2101,Hierokleides,Athenian,Athens,Male,t,f,Hagnous/Akharnid Daduchs,Hagnous/Akharnid Daduchs,,,,Hierokleides,,,f
2102,Semon,Athenian,Athens,Male,t,f,Hagnous/Akharnid Daduchs,Hagnous/Akharnid Daduchs,,,,Semon,,,f
2103,Sophokles Theophrastou,Athenian,Athens,Male,t,f,Hagnous/Akharnid Daduchs,Hagnous/Akharnid Daduchs,,,,Sophokles,Leontiou,Akharnai,f
2104,[?] Hearth-Initiate Themistokleous,Athenian,Athens,Male,t,f,Hagnous/Akharnid Daduchs,Hagnous/Akharnid Daduchs,,,,,Themistokleous,Hagnous,f
2105,Antiokhos Demetriou,Athenian,Athens,Male,t,f,,,,,,Antiokhos,Demetriou,,f
2106,Polyainos Nikandrou,Athenian,Athens,Male,t,f,,,,,,Polyainos,Nikandrou,Sounion,f
2107,Theophile,Athenian,Athens,Female,t,f,,,,,,Theophile,,,f
2108,[.]kleides,Athenian,Athens,Male,t,f,,,,,,,,,t
2109,Phainarete Att[.],Athenian,Athens,Female,t,f,,,,,,Phainarete,,,t
2110,Diotima,Athenian,Athens,Female,t,f,,,,,,Diotima,,,f
2111,Diodotos Kalliphontos,Athenian,Athens,Male,t,f,,,,,,Diodotos,Kalliphontos,Pambotadai,f
2112,Sosibios,Uncertain,Uncertain,Male,f,f,,,,,,Sosibios,,,f
2113,Hipparkhos,Athenian,Athens,Male,t,f,,,,,,Hipparkhos,,,f
2114,Dionysios Dionysiou,Athenian,Athens,Male,t,f,,,,,,Dionysios,Dionysiou,,f
2115,Diodot[.],Athenian,Athens,Male,t,f,,,,,,Diodot,,,t
2116,[?] Heath-Initiate,Athenian,Athens,Male,t,f,,,,,,,,,t
2117,Ithake,Athenian,Athens,Female,t,f,,,,,,Ithake,,,f
2118,[?] Heath-Initiate,Athenian,Athens,Uncertain,t,f,,,,,,,,,t
2119,[?] Hearth-Initiate,Athenian,Athens,Uncertain,t,f,,,,,,,,,t
2120,Attikos Attikou,Athenian,Athens,Male,t,f,,,,,,Attikos,Attikou,,f
2121,Atheno Niketou,Athenian,Athens,Male,t,f,,,,,,Atheno,Niketou,Hagnous,f
2122,Pammenes Pammenous,Athenian,Athens,Male,t,f,,,,,,Pammenes,Pammenous,Marathon,f
2123,Hierophantis Mos[kh.],Athenian,Athens,Female,t,f,,,,,,Hierophantis,,,t
2124,Antamenes Leontikhou,Athenian,Athens,Male,t,f,,,,,,Antamenes,Leontikhou,Epieikidai,f
2125,Dione Pasikratous,Athenian,Athens,Female,t,f,,,,,,Dione,Pasikratous,,f
2126,[?] Kourotrophos,Athenian,Athens,Male,t,f,,,,,,,,,t
2127,[O?]knia Polykharmou,Athenian,Athens,Female,f,f,,,,,,Oknia,Polykharmou,,t
2128,Polykharmos Polykritos,Athenian,Athens,Male,t,f,,,,,,Polykharmos,Polykritou,,f
2129,Emperor Tiberius,Imperial Family Member,Rome,Male,f,t,,,Tiberius,Claudius,Caesar Augustus,,,,f
2130,Theophilos Eudoxou,Athenian,Athens,Male,t,f,,,,,,Theophilos,Eudoxou,Eleusis,f
2131,Menandros Asklepiodotou,Athenian,Athens,Male,t,f,,,,,,Menandros,Asklepiodotou,Gargettos,f
2132,Kleo Eukleous,Athenian,Athens,Female,t,f,,,,,,Kleo,Eukleous,Phlya,f
2133,Papios Marathonios,Uncertain,Uncertain,Male,t,f,,,,,,Papios,,Marathon,f
2134,Iulia Augusta,Imperial Family Member,Rome,Female,f,t,,,,Iulia,Augusta,,,,f
2135,Nikodemos Hermeiou,Athenian,Athens,Male,t,f,,,,,,Nikodemos,Hermeiou,,f
2136,Praxagoras,Athenian,Athens,Male,t,f,,,,,,Praxagoras,,,f
2137,[.]ios Aulus Marathonios,Roman,Rome,Male,t,t,,,,Aulus,,,,Marathon,t
2138,Polykharmos Eukleous,Athenian,Athens,Male,t,f,Eukleid,Herodian-Eukleid,,,,Polykharmos,Eukleous,Marathon,f
2139,Eimertos Polykharmos,Athenian,Athens,Male,t,f,Eukleid,Herodian-Eukleid,,,,Eimertos,Polykharmou,Marathon,f
2140,T. Statilius Lamprias,Other Greek,Epidaurus,Male,f,t,,,Titus,Statilius,,Lamprias,,,f
2141,Kleophatra Iophontos,Athenian,Athens,Female,t,f,,,,,,Kleopatra,Iophontos,Deiradiotai,f
2142,P. Papinius Statius,Roman,Rome,Male,f,t,,,Publius,Papinius,Statius,,,,f
2143,"[.]on, Consul",Roman,Rome,Male,f,t,,,,,,,,,f
2144,Diokles Themistokles Hagnousios,Athenian,Athens,Male,t,f,Hagnous/Akharnid Daduchs,Hagnous/Akharnid Daduchs,,,,Diokles,Themistokleous,Hagnous,f
2145,Athenais Diokleous,Athenian,Athens,Female,t,f,Hagnous/Akharnid Daduchs,Hagnous/Akharnid Daduchs,,,,Athenais,Dioleous,Hagnous,f
2146,M. Porcius Cato,Roman,Rome,Male,f,t,,,Marcus,Porcius,Cato,,,,f
2147,Seilon Apolloniou,Athenian,Athens,Male,t,f,,,,,,Seilon,Apolloniou,Melite,f
2148,Apollonios Seilonos,Athenian,Athens,Male,t,f,,,,,,Apollonios,Seilonos,Melite,f
2149,G. Caecilius Cassius,Roman,Rome,Male,f,t,,,Gaius,Caecilius,Cassius,,,,f
2150,Statilia [.],Athenian,Athens,Female,f,t,,,,Statilia,,,,Sphettos,t
2151,Ti. Kl. Eukles Sostratou,Athenian,Athens,Male,t,t,,,Tiberius,Claudius,,Eukles,Sostratou,,f
2152,Iulia Agrippina,Roman,Rome,Female,f,t,,,,Iulia,Agrippina,,,,f
2153,[?] Brother of Ti. Kl. Eukles Sostratou,Athenian,Athens,Male,t,t,,,,,,,,,t
2154,Ti. Kl. Nouios Philinou,Athenian,Athens,Male,t,t,,,Tiberius,Claudius,,Nouios,Philinou,Oion,f
2155,G. Iul. Polkhos Sounieus,Athenian,Athens,Male,t,t,,,Gaius,Iulius,,Polkhos,,Sounion,f
2156,Ti. Kl. Demostratos,Athenian,Athens,Male,t,t,,,Tiberius,Claudius,,Demostratos,Neikotelous,Sounion,f
2157,Ti. Kl. Neikotelous,Athenian,Athens,Male,t,t,,,Tiberius,Claudius,,Neikoteles,,Sounion,f
2158,Klaudia Philippe,Athenian,Athens,Female,t,t,,,,Claudia,,Klaudia,Philippe,Pallene,f
2159,Kl. Asklepiodoros,Athenian,Athens,Male,t,t,,,,Claudius,,Aklepiodoros,,,f
2160,Kl. [?] Asklepiodorou,Athenian,Athens,Female,t,t,,,,Claudia,,,Aklepiodorou,,t
2161,[?] Exegete of Eumolpidai,Athenian,Athens,Male,f,f,,,,,,,,,t
2162,Iul. Nikanor,Other Greek,Syria,Male,f,t,,,,Iulius,,Nikanor,,,f
2163,[?] Emperor,Imperial Family Member,Rome,Male,f,t,,,,,,,,,t
2164,[?] Imperial Priest,Athenian,Athens,Male,t,f,,,,,,,,,t
2165,Ti. Kl. Hipparkhos Herodou,Athenian,Athens,Male,t,t,Herodian,Herodian-Eukleid,Tiberius,Claudius,,Hipparkhos,Herodou,Marathon,f
2166,Kl. Alkia,Athenian,Athens,Female,t,t,Herodian,Herodian-Eukleid,,Claudia,,Alkia,Hipparkou,Marathon,f
2167,T. Fl. Sophokles T. Fl. Kononos,Athenian,Athens,Male,t,t,,,Titus,Flavius,,Sophokles,,Sounion,f
2168,Fl. Sophia,Athenian,Athens,Female,t,t,,,,Flavia,,Sophia,,Sounion,f
2169,T. Fl. Konon Kononos,Athenian,Athens,Male,t,t,,,Titus,Flavius,,Konon,Kononos,Sounion,f
2170,Kl. Tartarion Menandrou,Athenian,Athens,Female,t,t,,,,Claudia,,Tartarion,Menandrou,Gargettos,f
2171,P. Fulvius Maximos Sounieus,Athenian,Athens,Male,t,t,,,Publius,Fulvius,,Maximos,,Sounion,f
2172,P. Fulvius Metrodoros,Athenian,Athens,Male,t,t,,,Publius,Fulvius,,Metrodoros,,Sounion,f
2173,Kl. Philoxena Patronos,Athenian,Athens,Female,t,t,,,,Claudia,,Philoxena,Patronos,Melite,f
2174,T. Kl. Lysiades Patronos,Athenian,Athens,Male,t,t,,,Tiberius,Claudius,,Lysiades,Patronos,Melite,f
2175,Kl. Timothea,Athenian,Athens,Female,t,t,,,,Claudia,,Teimothea,Teimotheou,Gargettos,f
2176,G. Kl. Seilianos Polykritos,Athenian,Athens,Male,t,t,,,Gaius,Claudius,,Seilianos Poilykritos,,,f
2177,Kl. [?] Father of Seilianos,Athenian,Athens,Male,t,t,,,,Claudius,,,,,t
2178,Kl. [?] Mother of Seilianos,Athenian,Athens,Female,t,t,,,,Claudia,,,,,t
2179,Zophyros Zopyrou,Athenian,Athens,Male,t,f,,,,,,Zophyros,Zopyrou,Peiraius,f
2180,Ammonios Kholleides,Athenian,Athens,Male,t,f,,,,,,Ammonios,,Kholleidai,f
2181,[?] Wife of Ammonios Kholleides,Athenian,Athens,Female,t,f,,,,,,,,,t
2182,Thrasyllos Ammoniou,Athenian,Athens,Male,t,f,,,,,,Thrasyllos,Ammoniou,Kholleidai,f
2183,Eraton Eratonos,Athenian,Athens,Male,t,f,,,,,,Eraton,Eratonos,Besa,f
2184,[?] Priestess of Demeter & Kore,Athenian,Athens,Female,f,f,,,,,,,,,t
2185,Athenais,Athenian,Athens,Female,t,f,,,,,,Athenais,,,f
2186,[.]ppos Herokleitou,Athenian,Athens,Male,t,f,,,,,,[.]ppos,Herokleitou,Gargettos,f
2187,Kl. Theophilos,Athenian,Athens,Female,t,t,,,,Claudius,,Theophilos,,,f
2188,Kl. Sostratos,Athenian,Athens,Male,t,t,,,,Claudius,,Sostratos,,,f
2189,T. Fl [?],Athenian,Uncertain,Uncertain,f,f,,,Titus,Flavius,,,,,t
2190,L. Pompeius [?],Roman,Uncertain,Uncertain,f,t,,,Lucius,Pompeius,,,,,f
2191,L. Pompeius Pompeiou,Roman,Rome,Male,f,t,,,Lucius,Pompeius,,,,,f
2192,Agothokles Agothokleous,Athenian,Athens,Male,t,f,,,,,,Agothokles,Agothokleous,Kephesia,f
2193,[?] Daughter of Dionysios,Athenian,Athens,Female,f,f,,,,,,,Dionysiou,Phaleron,t
2194,[?] Themistokl[.],Athenian,Athens,Male,f,f,,,,,,,,,t
2195,[?] Son fo Tryphon Phylasios,Athenian,Athens,Male,t,f,,,,,,,Tryphonos,Phlya,t
2196,Tryphon Phylasios,Athenian,Athens,Male,t,f,,,,,,Tryphon,,Phlya,f
2197,[?] Daughter of [A?]bans Akharneus,Athenian,Athens,Female,t,f,,,,,,Abans,,Akharnai,f
2198,[?] Kanephoros,Athenian,Athens,Male,t,f,,,,,,,,,f
2199,Kl. [?],Athenian,Athens,Uncertain,t,t,,,,Claudia,,,,,t
2200,Dione,Athenian,Athens,Female,t,f,,,,,,Dione,,,f
2201,[?] Daughter of [.]dous,Athenian,Athens,Female,t,f,,,,,,,[.]dous,,f
2202,[.]okleia wife of Metrodoros,Athenian,Athens,Female,t,f,,,,,,[.]okleia,,,f
2203,Metrodoros II Metrodorou,Athenian,Athens,Male,t,f,,,,,,Metrodoros,Metrodorou,Kydathenaion,f
2204,Antio Metrodorou,Athenian,Athens,Male,t,f,,,,,,Antio,Metrodorou,Kydathenaion,f
2205,Curtia Straontike,Athenian,Athens,Female,t,t,,,,Curtia,,Stratonike,,Besa,f
2206,Kallisto Kallimakhou,Athenian,Athens,Female,t,f,,,,,,Kallisto,Kallimakhou,,f
2207,Kallikleia,Athenian,Athens,Female,t,f,,,,,,Kallikleia,,,f
2208,Kallimakhos,Athenian,Athens,Male,t,f,,,,,,Kallimakhos,,,f
2209,Areios,Athenian,Athens,Male,t,f,,,,,,Areios,,,f
2210,Apollonios Apolloniou,Athenian,Athens,Male,t,f,,,,,,Apollonios,Apolloniou,Phlya,f
2211,Fl. Pamphilie,Athenian,Athens,Female,t,t,,,,Flavia,,Pamphile,,,f
2212,T. [?],Athenian,Athens,Uncertain,f,t,,,,,,,,,t
2213,[?] Eubiou,Athenian,Athens,Male,t,f,,,,,,,Eubiou,,t
2214,[?] Son of Kono,Athenian,Athens,Male,f,f,,,,,,,Kononos,,t
2215,[?] Priestess of Demeter & Kore,Athenian,Athens,Female,t,f,,,,,,,,,t
2216,[?] Priestess of Demeter & Kore,Athenian,Athens,Female,t,f,,,,,,,,,t
2217,Kl. D[?],Athenian,Athens,Uncertain,t,t,,,,Klaudius,,,,,t
2218,[?] Hearth-Initiate,Athenian,Athens,Uncertain,t,f,,,,,,,,,t
2219,[?] Woman,Athenian,Athens,Female,f,f,,,,,,,,,t
2220,[?] Husband of Woman,Athenian,Athens,Male,t,f,,,,,,,,,t
2221,Hierophantis Perikleous,Athenian,Athens,Female,t,f,,,,,,,Perikleous,Oion,f
2222,Pose Poseous,Athenian,Athens,Female,t,f,,,,,,Pose,Poseous,Marathon,f
2223,Fl. Laodameia Kleitou,Athenian,Athens,Female,t,t,,,,Flavia,,Laodameia,Kleitou,Phlya,f
2224,Sotas And[.],Uncertain,Uncertain,Male,f,f,,,,,,Sotas,,,f
2225,[?] Priest,Athenian,Athens,Male,t,f,,,,,,,,,t
2226,Ti. Kl. Herodes Attikos Kl. Attikou,Athenian,Athens,Male,t,t,Herodian,Herodian-Eukleid,Tiberius,Claudius,,Herodes Atticus,Attikou,Marathon,f
2227,Kl. Attikou,Athenian,Athens,Male,t,t,Herodian,Herodian-Eukleid,,Claudiua,,,Attikou,Marathon,f
2228,Viboullia Alkia,Athenian,Athens,Female,t,t,Herodian,Herodian-Eukleid,,Vibullia,,Alkia,,,f
2229,Cocceius Censorinus,Roman,Rome,Male,f,t,,,,Cocceius,Censorinus,,,,f
2230,Agrius Saturninus,Roman,Rome,Male,f,t,,,,Agrius,Saturninus,,,,f
2231,Ael. Lysistrate,Athenian,Athens,Female,t,t,,,,Aelia,,Lysistrate,,,f
2232,L. P[?] Husband of Ael. Lysistrate,Athenian,Athens,Male,t,t,,,Lucius,,,,,,t
2233,Athenaios Epaphrodeitos Athenaiou,Athenian,Athens,Male,t,f,,,,,,Athenaios,Athenaiou,Phlya,f
2234,Athenaios Perikonikos,Athenian,Athens,Male,t,f,,,,,,Epaphrodeitos,Athenaiou,Phlya,f
2235,Vipsania Lailiane,Athenian,Athens,Female,t,t,,,,Vipsania,,Lailiane,,Kephesia,f
2236,T. Vipsanius [.] Flavianos,Athenian,Athens,Male,t,t,,,Titus,Vipsanius,,Flavianos,,Kephesia,f
2237,[?] Son of Heroxenos Marathonios,Athenian,Athens,Male,t,f,,,,,,,Heroxenou,Marathon,t
2238,Polemon Heroxenou,Athenian,Athens,Male,t,f,,,,,,Polemon,Heroxenou,Marathon,f
2242,Olympius,Athenian,Athens,Male,t,f,,,,,,Olympius,,,f
2246,Panhellenios,Imperial Family Member,Rome,Male,f,t,,,,,,Panhellenios,,,t
2248,Demetrios,Athenian,Athens,Male,t,f,,,,,,,,,f
2249,Marcianus,Roman,Rome,Male,f,t,,,,,,,,,f
2239,G. Memmius Sabeinos Peisandros,Athenian,Athens,Male,t,t,,,Gaius,Memmius,Sabinus,Peisandros,,,f
2240,Thrasyllos Kholleides,Athenian,Athens,Male,t,f,,,,,,Thrasyllos,,Kholleidai,f
2241,Emperor Hadrian,Imperial Family Member,Rome,Male,f,t,,,Publius,Aelius,Hadrianus,,,,f
2243,[?] Emperor,Imperial Family Member,Rome,Male,f,t,,,,,,,,,t
2244,[?] Emperor,Imperial Family Member,Rome,Male,f,t,,,,,,,,,t
2245,[?] Emperor,Imperial Family Member,Rome,Male,f,t,,,,,,,,,t
2247,Hierophantis Daughter of Demetrios,Athenian,Athens,Female,t,f,,,,,,,Demetriou,,f
2250,L. Vipsanius Aiolion,Athenian,Athens,Male,t,t,,,Lucius,Vipsanius,,Aiolion,,Phlya,f
2251,L. Vipsanius Lailianos,Athenian,Athens,Male,t,t,,,Lucius,Vipsanius,,Lailianos,,Phlya,f
2252,[?] Relative of L. Vipsanius Aiolion,Athenian,Athens,Uncertain,t,t,,,,,,[?] Relative,,,t
2253,Iunia [?] Iun. Patronos,Athenian,Athens,Female,t,t,,,,Iunia,,,Patronos,Berenikidai,t
2254,Iun. Patron,Athenian,Athens,Male,t,t,,,,Iunius,,Patron,,Berenikidai,f
2255,Annia Aristokleia,Athenian,Athens,Female,t,t,,,,Annia,,Aristokleia,Thrasylos,Kholleidai,f
2256,Annius Thrasyllos,Athenian,Athens,Male,t,t,,,,Annius,,Thrasylos,,Kholleidai,f
2257,L. Nummius Andreas Menidos,Athenian,Athens,Male,t,t,,,Lucius,Nummius,,Andreas,Menidos,Phaleron,f
2258,Nummia Bassa,Athenian,Athens,Female,t,t,,,,Nummia,,Bassa,,Gargettos,f
2259,L. Nummius Hierokeryx,Athenian,Athens,Male,t,t,,,Lucius,Nummius,,,,Gargettos,f
2260,Nummia Kleo,Athenian,Athens,Female,t,t,,,,Nummia,,Kleo,,,f
2261,Ti. Kl. Attikos Marathonios,Athenian,Athens,Male,t,t,Herodian,Herodian-Eukleid,Tiberius,Claudius,,Attikos,,Marathon,f
2262,Annia Faustina,Roman,Rome,Female,f,t,,,,Annia,Faustina,,,,f
2263,Emperor Antoninus Pius,Imperial Family Member,Rome,Male,f,t,,,Titus,Aurelius,Fulvus,,,,f
2264,Emperor Marcus Aurelius,Imperial Family Member,Rome,Male,f,t,,,Marcus,Annius,Verus,,,,f
2265,Domitia Lucilla,Imperial Family Member,Rome,Female,f,t,,,,Domitia,Lucilla,,,,f
2266,Nummius Nigreinos,Athenian,Athens,Male,t,t,,,,Nummius,,Nigreinos,,,f
2267,Menandra of Ephesus,Other Greek,Ephesus,Female,t,f,,,,,,Menandra,,,f
2268,[?] Relative of Mindios Amynos,Athenian,Uncertain,Uncertain,t,f,,,,,,,,,t
2269,G. Kl. Titianos,Uncertain,Uncertain,Male,t,t,,,Gaius,Claudius,,Titianos,,,f
2270,Philipe Kl. Demostratou,Athenian,Athens,Female,t,t,,,,,,Philipe,Demostratou,,f
2271,D. Iun. Menneas,Athenian,Athens,Male,t,t,,,Decimus,Iunius,,Menneas,,,f
2272,Exegete Patron,Athenian,Athens,Male,t,f,,,,,,Patron,,,f
2273,Phirmus Gargettios,Athenian,Athens,Male,t,t,,,,,,Phirmos,,Gargettos,f
2274,D. Iun. Peiraieus,Athenian,Athens,Male,t,t,,,Decimus,Iunius,,,,Peiraius,f
2275,Cornelia [?],Athenian,Athens,Female,f,t,,,,Cornelia,,,,,t
2276,[?] Relative of Ti. Cl. Lysiades,Athenian,Athens,Male,t,t,Claudii of Melite,Claudii of Melite,Tiberius,Claudius,,,,,t
2277,Ail. Praxagoras,Athenian,Athens,Male,t,t,Praxagorid,Claudii of Melite,,Aelius,,Praxagoras,,Melite,f
2278,[?] Daughter of Praxagoras Thorikos,Athenian,Athens,Female,t,f,Praxagorid,Claudii of Melite,,,,,,Thorikos,f
2279,Kl. Themistokles,Athenian,Athens,Male,t,t,Leonid,Claudii of Melite,,Claudius,,Themistokles,,,f
2280,Klementiane,Athenian,Athens,Female,t,t,,,,,,Klementiane,,,f
2281,Arrian,Other Greek,Nicomedia,Male,t,t,,,Lucius,Flavius,,Arrianos,,,f
2282,[?] Emperor,Imperial Family Member,Rome,Male,f,t,,,,,,[?] Emperor,,,f
2283,Ana[.]n Krateros,Athenian,Athens,Male,t,t,,,,Annia,,,,,f
2284,[?] Claudius of Melite,Athenian,Athens,Male,t,t,,,,Claudius,,,,Melite,t
2285,Ti. Kl. Leonides,Athenian,Athens,Male,t,t,,,Tiberius,Claudius,,Leonides,,Melite,f
2286,Sergius Salvidius Scipio Orfitus,Roman,Rome,Male,f,t,,,Sergius,Salvidius Scipio,Orfitus,Sergius,,,f
2287,Calpurnia L. Lepida,Roman,Rome,Female,f,t,,,,Calpurnia,Lepida,Calpurnia,,,f
2288,Sergius Calpurnius Scipio Orfitus,Roman,Rome,Male,f,t,,,Sergius,Calpurnius Scipio,Orfitus,Sergius,,,f
2289,L. Calpurnius Piso,Roman,Rome,Male,f,t,,,Lucius,Calpurnius,Piso,,,,f
2290,P. Ail. Timosthenes,Athenian,Athens,Male,t,t,,,Publius,Aelius,,Teimosthenes,,Berenikidai,f
2291,Ail. Zenonos,Athenian,Athens,Male,t,t,,,,Aelius,,Zenon,,,f
2292,Elpinike Atria,Athenian,Athens,Female,t,t,Herodian,Herodian-Eukleid,,Appia Annia,Atilia Regilla,Elpinike,Herdou,Marathon,f
2293,Regilla,Roman,Rome,Female,t,t,Herodian,Herodian-Eukleid,,Appia Annia Regilla Atilia,Caucidia Tertulla,Appia,,Marathon,f
2294,Appius,Roman,Rome,Male,f,t,Herodian,Herodian-Eukleid,,Appius,,,,Marathon,f
2295,T. Kl. Appius Bradoua,Athenian,Athens,Male,t,t,Herodian,Herodian-Eukleid,Tiberius,Claudius,Appius,Bradoua,,,f
2296,Themistokles Meliteus,Athenian,Athens,Male,t,f,Leonid,Claudii of Melite,,,,Themistokles,,Melite,f
2297,[?] Son of P. Ael. Praxagoras,Athenian,Athens,Male,t,t,Praxagorid,Claudii of Melite,,,,,,,t
2298,Fl. Xenion,Athenian,Athens,Male,t,t,,,,Flavius,,Xenion,,Marathon,f
2299,Fl. Zenophilos,Athenian,Athens,Male,t,t,,,,Flavius,,Zenophilos,,Marathon,f
2300,Emperor L. Verus,Imperial Family Member,Rome,Male,f,t,,,Lucius,Aurelius,Verus,,,,f
2301,Ail. Kh[?],Athenian,Athens,Uncertain,t,t,,,,Aelius,,,,,f
2302,T. Kl. Hierophant Alkibiadou,Athenian,Athens,Male,t,t,,,Tiberius,Claudius,,,Alkibiadou,Paiania,f
2303,T. Fl. Alkibiades (II),Athenian,Athens,Male,t,t,,,Titus,Flavius,,Alkibiades,,Paiania,f
2304,T. Fl. Leosthenes,Athenian,Athens,Male,t,t,,,Titus,Flavius,,Leosthenes,,Paiania,f
2305,T. Fl. Alkibiades (I),Athenian,Athens,Male,t,t,,,Titus,Flavius,,Alkibiades,,Paiania,f
2306,Fl. Eisidora,Athenian,Athens,Female,t,t,,,,Flavia,,Eisidora,,,f
2307,Fl. Herakleitos,Athenian,Athens,Male,t,t,,,,Flavius,,Herakleitos,,,f
2308,Domitia Laodameia,Athenian,Athens,Female,t,t,,,,Domitia,,Laodameia,,,f
2309,Krateros,Athenian,Athens,Male,t,f,,,,,,Krateros,,,f
2310,M. Aur. Miltiades,Athenian,Athens,Male,t,t,,,Marcus,Aurelius,,Miltiades,,Marathon,f
2311,Agothokles Marathonios,Athenian,Athens,Male,t,f,,,,,,Agothokles,,Marathon,f
2312,T. Fl. Euthykomas,Athenian,Athens,Male,t,t,,,Titus,Flavius,,Euthykomas,,Paiania,f
2313,T. Fl. Straton II,Athenian,Athens,Male,t,t,,,Titus,Flavius,,Starton,,Paiania,f
2314,T. Fl Straton I,Athenian,Athens,Male,t,t,,,Titus,Flavius,,Straton,,Paiania,f
2315,Fl. [.]krateia,Athenian,Athens,Female,t,t,,,,Flavia,,,,,f
2316,Pompeia Polla,Athenian,Athens,Female,t,t,,,,Pompeia,,Polla,,,f
2317,Pompeius Pleistarkhos,Athenian,Athens,Male,t,t,,,,Pompeius,,Pleistakhos,,,f
2318,T. Fl. Menandros Paianieus,Athenian,Athens,Male,t,t,,,Titus,Flavius,,Menandros,,Paiania,f
2320,Severus,Roman,Rome,Male,f,t,,,,Severus,,,,,f
2321,M. Iul Apellas,Athenian,Athens,Male,t,t,,,Marcus,Iulius,,Apellas,,Marathon,f
2322,M. Iul. Damianos,Athenian,Athens,Male,t,t,,,Marcus,Iulius,,Damianos,,,f
2323,Fl. Apella Hypaipenou,Athenian,Athens,Female,t,t,,,,Flavia,,Apellas,Hypaipenou,,f
2324,Fl. Polla,Athenian,Athens,Female,t,t,,,,Flavia,,Polla,,,f
2326,Iul. Apollodotos Meliteus,Athenian,Athens,Male,t,t,,,,Iulius,,Apollodotos,,Melite,f
2327,Iul. Theodotos,Athenian,Athens,Male,t,t,,,,Iulius,,Theodotus,,Melite,f
2328,Ail. Kephisodora,Athenian,Athens,Female,t,t,Leonid,Claudii of Melite,,Aelia,,Kephisodora,,,f
2329,Kl. Lysiades,Athenian,Athens,Male,t,t,Leonid,Claudii of Melite,,Claudius,,Lysiades,,,f
2330,Kl. Sospis,Athenian,Athens,Male,t,t,Leonid,Claudii of Melite,,Claudius,,Sospis,,,f
2331,Iul. Kephisodora,Athenian,Athens,Female,t,t,Praxagorid,Claudii of Melite,,Iulia,,Kephisodora,,,f
2332,M. Iul. Praxis,Athenian,Athens,Male,t,t,,,Marcus,Iulius,,Praxis,,Pallene,f
2333,[?] Emperor,Imperial Family Member,Rome,Male,f,t,,,,,,,,,f
2334,[Iunia] Melitine,Athenian,Athens,Female,t,t,,,,Iunia,,Melitine,,,f
2335,Isidote Eisaiou,Athenian,Athens,Female,t,f,,,,,,Isidote,Eisaiou,,f
2336,Eisaios I,Athenian,Athens,Male,t,f,,,,,,Eisaios,,,f
2337,Eisaios II,Athenian,Athens,Male,t,f,,,,,,Eisaios,Eisaiou,,f
2338,Emperor Commodous,Imperial Family Member,Rome,Male,f,t,,,Lucius,Aurelius,Commodus,,,,f
2339,L. Memmius Altar-Priest,Athenian,Athens,Male,t,t,,,Lucius,Memmius,,,,Thorikos,f
2340,Fl. Amphikles,Athenian,Athens,Male,t,t,,,,Flavius,,Amphikles,,,f
2341,Lucilla,Imperial Family Member,Rome,Female,f,t,,,,Lucilla,,Lucilla,,,f
2342,Faustina,Imperial Family Member,Rome,Female,f,t,,,,Faustina,,Faustina,,,f
2343,Sabina,Imperial Family Member,Rome,Female,f,t,,,,Sabina,,Sabina,,,f
2344,Faustina II,Imperial Family Member,Rome,Female,f,t,,,,Faustina,,Faustina,,,f
2345,Praxagora Demostratou,Athenian,Athens,Female,t,f,Praxagorid,Claudii of Melite,,,,Praxagora,Demostratou,,f
2346,T. Kl. Demostratos Sospidou,Athenian,Athens,Male,t,t,Praxagorid,Claudii of Melite,Tiberius,Claudius,,Demostratos,Sospidou,,f
2347,Ail. Philiste Praxagorou,Athenian,Athens,Female,t,t,Praxagorid,Claudii of Melite,,Aelia,,Philiste,,,f
2348,Io. Hierophantes,Athenian,Athens,Male,t,t,,,,Iulius,,,,,f
2349,Aiolion Phlyeos,Athenian,Athens,Male,t,t,,,,,,Aiolion,Aiolionos,Phlya,f
2350,Ail. Leu. Palleneus,Athenian,Athens,Male,t,t,,,,Aeilus,,,,Pallene,f
2351,Demosthenes Anthou,Athenian,Athens,Male,t,f,,,,,,Demosthenes,Anthou,Pallene,f
2352,Attikos Anthou,Athenian,Athens,Male,t,f,,,,,,Attikos,Anthou,Pallene,f
2353,[.]iteles,Athenian,Athens,Male,f,f,,,,,,,,Pallene,t
2354,Lo[.],Athenian,Athens,Male,f,f,,,,,,,,Pallene,t
2355,Ai. F[.],Athenian,Athens,Male,f,f,,,,,,,,Pallene,t
2356,Hiero[.],Athenian,Athens,Male,f,f,,,,,,,,Pallene,t
2357,Kl. M[.],Athenian,Athens,Male,f,f,,,,,,,,Pallene,t
2358,Arist[.],Athenian,Athens,Male,f,f,,,,,,,,Pallene,t
2359,Kletos Epigonou,Athenian,Athens,Male,t,f,,,,,,Kletos,Epigonou,Pallene,f
2360,Dionysios Glaukou,Athenian,Athens,Male,t,f,,,,,,Dionysios,Glaukou,Pallene,f
2361,Kl. Nikephoros,Athenian,Athens,Male,t,t,,,,Claudius,,Nikephoros,,Pallene,f
2362,Megalinos Aphrodisiou,Athenian,Athens,Male,t,f,,,,,,Megalinos,Aphrodisou,Pallene,f
2363,Khaireas Diogenous,Athenian,Athens,Male,t,f,,,,,,Khaireas,Diogenous,Pallene,f
2364,Aristoboulos Zosimou,Athenian,Athens,Male,t,f,,,,,,Aristoboulos,Zosimou,Pallene,f
2365,Fl. Stephanos,Athenian,Athens,Male,t,t,,,,Flavius,,Stephanos,,Pallene,f
2366,Ai. Markos,Athenian,Athens,Male,t,t,,,,Aelius,,Markos,,Pallene,f
2367,Kl. Serapion,Athenian,Athens,Male,t,t,,,,Claudius,,Serapion,,Pallene,f
2368,Iou. Kaikilianos,Athenian,Athens,Male,t,t,,,,Iulius,,Kaikilianos,,Pallene,f
2369,Timokrates Kaprodorou,Athenian,Athens,Male,t,f,,,,,,Timokrates,Kaprodorou,Pallene,f
2370,Eisidoros Eisidorou,Athenian,Athens,Male,t,f,,,,,,Eisidoros,Eisidorou,Semakhidai,f
2371,Thrasyboulos Artemonos,Athenian,Athens,Male,t,f,,,,,,Thrasyboulos,Atemonos,Semakhidai,f
2372,Euripides Preimou,Athenian,Athens,Male,t,f,,,,,,Euripides,Preimou,Semakhidai,f
2373,Epitunkhanon Epitunkhanonos,Athenian,Athens,Male,t,f,,,,,,Epitunkhanon,Epitunkhanonos,Semakhidai,f
2374,Onesimos Eiphikratous,Athenian,Athens,Male,t,f,,,,,,Onesimos,Eiphikratos,Semakhidai,f
2375,P. Herennios Apolloniou,Athenian,Athens,Male,t,t,,,Publius,Herennios,,Apolloniou,,Semakhidai,f
2376,Ti. Kl. Sospis II Lysiadou,Athenian,Athens,Male,t,t,,,Tiberius,Claudius,,Sospis,Lysiadou,Semakhidai,f
2377,Aim[.],Athenian,Athens,Male,f,f,,,,,,,,Semakhidai,t
2378,Aim[.],Athenian,Athens,Male,f,f,,,,,,,,Semakhidai,t
2379,Titios Molossios Alopekethen,Athenian,Athens,Male,t,t,,,,,,Titios Molossios,,Alopeke,f
2380,Khryseros Khryserou,Athenian,Athens,Male,t,f,,,,,,Khryseros,,Semakhidai,f
2381,Dephilos Khareisiou,Athenian,Athens,Male,t,f,,,,,,Dephilos,,Semakhidai,f
2382,Nikomakhos Mikomakhou,Athenian,Athens,Male,t,f,,,,,,Nikomakhos,,Semakhidai,f
2383,Deiphilos Deiphilou,Athenian,Athens,Male,t,f,,,,,,Deiphilos,,Semakhidai,f
2384,Hygeinos Arkhimhdous,Athenian,Athens,Male,t,f,,,,,,Hygeinos,,Phyrrnesios,f
2385,Nikostratos Nikiou,Athenian,Athens,Male,t,f,,,,,,Nikostratos,,Krioa,f
2386,Emperor Septimius Severus,Imperial Family Member,Rome,Male,f,t,,,Lucius,Septimius,Severus,,,,f
2387,Iul. Domna,Imperial Family Member,Rome,Female,f,t,,,,Iulia,Domna,,,,f
2388,Kl. Themistoklea,Athenian,Athens,Female,t,t,Praxagorid,Claudii of Melite,,Claudia,,Themistokleia,,Melite,f
2389,Kl. Philippos,Athenian,Athens,Male,t,t,Praxagorid,Claudii of Melite,,Claudius,,Philippos,,Melite,f
2390,Kl. Menandra,Athenian,Athens,Female,t,t,Praxagorid,Claudii of Melite,,Claudia,,Menandra,Philippou,Melite,f
2391,Nikostrate Meneou,Athenian,Athens,Female,t,f,,,,,,Nikostrate,Meneou,Berenikidai,f
2392,G. Kasios Semakhidai,Uncertain,Uncertain,Male,t,t,,,Gasius,Cassius,,,,Semakhidai,f
2393,Ail. Epilampsis Gelotos,Athenian,Athens,Female,t,t,,,,Aelia,,Epilampsis,Gelotos,Phaleron,f
2394,Ail. Gelo,Athenian,Athens,Male,t,t,,,,Aelius,,Gelo,,Phaleron,f
2395,Diokles,Athenian,Athens,Male,t,f,,,,,,Diokles,,Phaleron,f
2396,Ail. Alexandros,Athenian,Athens,Male,t,t,,,,Aelius,,Alexandros,,Phaleron,f
2397,Ail. Ardys,Athenian,Athens,Male,t,t,,,,Aelius,,Ardys,,Phaleron,f
2398,Ail. Kallikrates,Athenian,Athens,Male,t,t,,,,Aelius,,Kallikrates,,Phaleron,f
2399,Ail. Alexandros II,Athenian,Athens,Male,t,t,,,,Aelius,,Alexandros,,Phaleron,f
2438,Onesimou Besaieus,Athenian,Athens,Male,t,f,,,,,,Onesimou,,,f
2400,Ail Gelo II,Athenian,Athens,Male,t,t,,,,Aelius,,Gelo,,Phaleron,f
2401,P. Pom. Hegios,Athenian,Athens,Male,t,t,,,Publius,Pompeius,,Hegios,,Phaleron,f
2402,P. Pom. Hegios II,Athenian,Athens,Male,t,t,,,Publius,Pompeius,,Hegios,,Phaleron,f
2403,Pom. Epilampsis,Athenian,Athens,Male,f,t,,,,Pompeius,,Epilampsis,,Phaleron,f
2404,T. Fl. Leosthenes II,Athenian,Athens,Male,t,t,,,Titus,Flavius,,Leosthenes,,Paiania,f
2405,Daughter of T. Fl. Leosthenes II,Athenian,Athens,Female,t,t,,,,Flavia,,,,Paiania,f
2406,Ail. Sossianos Prospaltios,Athenian,Athens,Male,t,t,,,,Aeilius,,Sossianos,,Prospalta,f
2407,Glaukos,Athenian,Athens,Male,t,f,,,,,,Glaukos,,,f
2408,Hagne,Athenian,Athens,Female,t,f,,,,,,Hagne,,,f
2409,Threption,Athenian,Athens,Male,t,f,,,,,,Threption,,,f
2410,Tereus,Athenian,Athens,Male,t,f,,,,,,Tereus,,,f
2411,Hermione,Athenian,Athens,Female,t,f,,,,,,Hermione,,,f
2412,Eutykhides,Athenian,Athens,Male,t,f,,,,,,Eutykhides,,,f
2413,Euodos,Athenian,Athens,Male,t,f,,,,,,Euodos,,,f
2414,Aiskhylos,Athenian,Athens,Male,t,f,,,,,,Aiskhylos,,,f
2415,Zoeilos,Athenian,Athens,Male,t,f,,,,,,Zoeilos,,,f
2416,Neokleides,Athenian,Athens,Male,t,f,,,,,,Neokleides,,,f
2417,Iun. Agathopodos,Athenian,Athens,Male,t,t,,,,Iunius,,Agathopodos,,Marathon,f
2418,Demetrios Apolloniou,Athenian,Athens,Male,t,f,,,,,,Demetrios,Apolloniou,Marathon,f
2419,"Alkamenes, Pyrphoros",Athenian,Athens,Male,t,f,,,,,,Alkamenes,,,f
2420,[?] Exegete of Eumolpidai,Athenian,Athens,Male,t,f,,,,,,,,,t
2421,Aristaios,Athenian,Athens,Male,t,f,,,,,,Aristaios,,,f
2422,[?] High Priest Ti. Kl. Lianou,Athenian,Athens,Male,t,t,,,Tiberius,Claudius,,Lianos,,Gargettos,t
2423,[.]mmios,Uncertain,Uncertain,Male,f,t,,,,,,,,,t
2424,Q. Fronto Marathonios,Athenian,Uncertain,Uncertain,t,t,,,Quintus,Fronto,,,,Marathon,f
2425,Lolliane Glaukou,Athenian,Athens,Female,t,f,,,,,,Lolliane,Glaukou,,f
2426,[?] Claudius,Athenian,Athens,Male,t,t,,,,Claudius,,,,,t
2427,[?] Exegete,Athenian,Athens,Male,t,f,,,,,,,,,t
2428,[?] Exegete of Eumolpidai,Athenian,Athens,Male,t,f,,,,,,,,,t
2429,Praxagoras? Of Melite,Athenian,Athens,Male,t,f,Praxagorid,Claudii of Melite,,Aelius,,Praxagoras,,Melite,f
2430,[Epaphro]dit[as]?,Athenian,Athens,Male,t,f,,,,,,,,,f
2431,"Poll[io]n[a?], Hearth-Initiate",Athenian,Athens,Female,t,t,,,,,,,,,f
2432,Son or Daughter of a [N]um[ius],Athenian,Athens,Uncertain,t,t,,,,,,,,,f
2433,[A]thenago[ras],Athenian,Athens,Male,t,f,,,,,,Athenagoras,,,f
2434,T. Fl. Ateimetos Peiraieus,Athenian,Athens,Male,t,t,,,,,,Ateimetos,,Peiraius,f
2435,T. Fl. Agathonos Peiraieus,Athenian,Athens,Male,t,t,,,,,,Agathonos,,Peiraius,f
2436,Onesime Papiou,Athenian,Athens,Female,t,f,,,,Papia,,Onesime,Onesimou,Besa,f
2437,Oapiou Onesimou,Athenian,Athens,Male,t,f,,,,Papius,,Onesimos,,Besa,f
2439,Sabeiniane Hamillo,Athenian,Athens,Female,t,t,,,,Sabiniana,,Hamillo,,,f
2440,Thoinos,Athenian,Athens,Male,t,f,,,,,,Thoinos,,,f
2441,Ariston,Athenian,Athens,Male,t,f,,,,,,Ariston,,,f
2442,Andreas,Athenian,Athens,Male,t,f,,,,,,Andreas,,,f
2443,[?] Daughter of Pythokhrestos Exegete,Athenian,Athens,Female,t,f,,,,,,,,,t
2444,Herennios,Athenian,Athens,Male,t,f,,,,,,Herennios,,,f
2445,[?] Daughter of Kyklobols Hagnousios,Athenian,Athens,Female,t,f,,,,,,,,,f
2446,[?] Memmius,Athenian,Athens,Male,t,t,,,,Memmius,,,,,f
2447,Pompeia A[.],Athenian,Athens,Female,t,t,,,,Pompeia,,,,,f
2448,[?] Emperor,Imperial Family Member,Rome,Male,f,f,,,,,,,,,t
2449,P. Ail. [.],Athenian,Athens,Male,t,t,,,Publius,Aelius,,,,,f
2450,Apollonios Sphettios,Athenian,Athens,Male,t,f,,,,,,Apollonios,,Sphettos,f
2451,Lysiades,Athenian,Athens,Male,t,f,,,,,,Lysiades,,,f
2452,P. Ail. Herennia P. Ail. Apolloniou,Athenian,Athens,Female,t,t,Publii Aelii Dionysii,Publii Aelii Dionysii,Publia,Aelia,,Herennia,,,f
2453,P. Ail Apollonios,Athenian,Athens,Male,t,t,Publii Aelii Dionysii,Publii Aelii Dionysii,Publius,Aelius,,Apollonios,,,f
2454,P. Ail. Herennia,Athenian,Athens,Female,t,t,Publii Aelii Dionysii,Publii Aelii Dionysii,Publia,Aelia,,Herennia,,,f
2455,Konon,Athenian,Athens,Male,t,f,,,,,,Konon,,,f
2456,Kallimakhos,Athenian,Athens,Male,t,f,,,,,,Kallimakhos,,,f
2457,P. Ail. Dionysos,Athenian,Athens,Male,t,t,Publii Aelii Dionysii,Publii Aelii Dionysii,Publius,Aelius,,Dionysios,,,f
2458,[?] Grandson of Ti. Kl. Sospis,Athenian,Athens,Male,t,t,,,Tiberius,Claudius,,,,Melite,t
2459,Ti. Kl. Lysiades Leonidou,Athenian,Athens,Male,t,t,Leonid,Claudii of Melite,Tiberius,Claudius,,Lysiades,Leonidou,Melite,f
2460,Ti. Kl. Leonides Lysiadou,Athenian,Athens,Male,t,t,Leonid,Claudii of Melite,Tiberius,Claudius,,Leonides,Lysiadou,Melite,f
2000,UNC Kanephoros,Athenian,Athens,Male,t,f,,,,,,,,,t
2001,Ameinokleia Philanthou,Athenian,Athens,Female,t,f,,,,,,Ameinokleia,Philanthou,Phlya,f
2002,Theophilos,Athenian,Athens,Male,t,f,,,,,,Theophilos,Diodorou,Halai Aixonides,f
2003,Philanthes,Athenian,Athens,Male,t,f,,,,,,Philanthes,Diodorou,Halai Aixonides,f
2004,Diopeithes,Athenian,Athens,Male,t,f,,,,,,Diopeithes,Diodorou,Halai Aixonides,f
2005,Eurydike,Athenian,Athens,Female,t,f,,,,,,Eurydike,Diodorou,Halai Aixonides,f
2006,[?] Heath-Initiate,Athenian,Athens,Uncertain,t,f,,,,,,,,,t
2007,[?] Father,Athenian,Athens,Male,t,f,,,,,,,,,t
2008,[?] Mother,Athenian,Athens,Female,t,f,,,,,,,,,t
2009,Dionysios Dionysiou,Athenian,Athens,Male,t,f,,,,,,Dionysios,Dionysiou,Sphettos,f
2010,Epiphaneia Hermolykou,Athenian,Athens,Female,t,f,,,,,,Epiphaneia,Hermolykou,Marathon,f
2011,Epiphaneia II Athenagorou,Athenian,Athens,Female,t,f,Athenagoridai,,,,,Epiphaneia,Athenagorou,Melite,f
2012,Philemon,Athenian,Athens,Male,t,f,,,,,,Philemon,,,f
2013,Eusebeia Ariobarzanou,Other Greek,Cappadocia,Female,f,f,,,,,,Eusebeia,,,f
2014,Ariobarzanes II Ariobarzanou I,Other Greek,Cappadocia,Male,f,f,,,,,,Aribarzanes,,,f
2015,Athenais II Ariobazanou I,Other Greek,Cappadocia,Female,f,f,,,,,,Athenais,,,f
2016,Ariobarzanes I Philoromaios,Other Greek,Cappadocia,Male,f,f,,,,,,Ariobarzanes,,,f
2017,Athenais I Philostorgos,Other Greek,Cappadocia,Female,f,f,,,,,,Athenais,,,f
2018,Athenais III Ariobarzanou II,Other Greek,Cappadocia,Female,f,f,,,,,,Athenais,,,f
2019,Medeios Medeiou,Athenian,Athens,Male,t,f,Medeiotes,,,,,Medeios,Medeiou,Peiraius,f
2020,Diphila Diokleous,Athenian,Athens,Female,t,f,Medeiotes,,,,,Diphila,Diokleous,Melite,f
2021,Timothea Medeiou,Athenian,Athens,Female,t,f,Medeiotes,,,,,Timothea,Medeiou,Peiraius,f
2022,[?] Tamias,Athenian,Athens,Male,t,f,,,,,,,,,f
2023,T. Pinarius,Roman,Rome,Male,f,t,,,Titus,Pinarius,,,,,f
2024,Ktesikleia Apollonioiu,Athenian,Athens,Female,t,f,,,,,,Ktesikleia,Apolloniou,,f
2025,Sophokles Xenokleous,Athenian,Athens,Male,t,f,,,,,,Sophokles,Xenokleous,Akharnai,f
2026,Kleokrateia Oinophilou,Athenian,Athens,Female,t,f,,,,,,Kleokrateia,Oinophilou,Aphidnai,f
2027,Kleo Dionysiou,Athenian,Athens,Female,t,f,,,,,,Kleo,Dionysiou,Ikarion,f
2461,Sekoundos the Eumolpid,Roman,Rome,Male,t,t,,,,Secundus,,Sekoundos,,,f
2462,Attikos Eudoxou,Athenian,Athens,Male,t,f,,,,,,Attikos,Eudoxou,Sphettos,f
2463,M. Aur. Prosdektos Pistokrates,Athenian,Athens,Male,t,t,,,Marcus,Aurelius,,Prosdektos,Pistokratous,Kephale,f
2464,M Gavius Gallicanus,Roman,Rome,Male,f,t,,,Marcus,Gavius,Gallicanus,,,,f
2465,M Gavius Scyillus,Roman,Rome,Male,f,t,,,Marcus,Gavius,Scyillus,M,,,f
2466,M. Gavius Skyillos II,Roman,Rome,Male,f,t,,,Marcus,Gavius,Scyillus,M,,,f
2467,P. Perennios Ptolemaios P. Herenniou,Athenian,Athens,Male,t,t,,,Publius,Herennios,,Ptolemaios,Herennios,,f
2468,Xenagoras II  Xenagorou,Athenian,Athens,Male,t,f,Praxagorid,Claudii of Melite,,,,Xenagoras,,Melite,f
2469,Xenagoras I,Athenian,Athens,Male,t,f,Praxagorid,Claudii of Melite,,,,Xenagoras,,Melite,f
2470,Praxagora [?],Athenian,Athens,Female,t,f,Praxagorid,Claudii of Melite,,,,Praxagora,,Melite,f
2471,Licinius Kallistomakhos,Athenian,Athens,Male,t,t,,,,Licinius,,Kallistomakhos,,,f
2472,Kl. Kallistomakhos,Athenian,Athens,Male,t,t,,,,Claudius,,Kallistomakhos,,,f
2473,Carracalla,Imperial Family Member,Rome,Male,f,t,,,Lucius,Septimius,Bassianus,Carracalla,,,f
2474,Geta,Imperial Family Member,Rome,Male,f,t,,,Publius,Septimius,Geta,Geta,,,f
2475,Fl. Plautianos,Athenian,Athens,Male,t,t,,,,Flavius,,Plautianos,,,f
2476,Hierophant Apollinarios,Athenian,Athens,Male,t,f,,,,,,Apollinarios,,,f
2477,Kl. Menandra II,Athenian,Athens,Female,t,t,Praxagorid,Claudii of Melite,,Claudia,,Menandra,,Melite,f
2478,Roupheina,Roman,Rome,Female,f,t,,,,Rufina,,,,,f
2479,Iul. Mousonios,Athenian,Athens,Male,t,t,,,,Iulius,,Mousonios,,Steiria,f
2480,Iul. Hierokeryx,Athenian,Athens,Male,t,t,,,,Iulius,,,,,f
2481,Ptolemais Serenou Gaza,Other Greek,Syria,Male,t,f,,,,,,Ptolemais,Serenou,,f
2482,Aur. Magna,Athenian,Athens,Female,t,t,,,,Aurelia,,Magna,,Pithos,f
2483,Hermione II,Athenian,Athens,Female,t,f,,,,,,Hermione,,Pithos,f
2484,Aur. Epaphrodeitos Asklepiadou,Athenian,Athens,Male,t,t,,,,Aurelius,,Epaphrodeitos,Asklepiadou,Pithos,f
2485,Aur. Magna II Magnou,Athenian,Athens,Female,t,t,,,,Aurelia,,Magna,,Pithos,f
2486,Aur. Paramona Paramonou,Athenian,Athens,Female,t,t,,,,Aurelia,,Paramona,Paramonou,Lamptrai,f
2487,Aur. Deidameia,Athenian,Athens,Female,t,t,,,,Aurelia,,Deidameia,,Lamptrai,f
2488,Apollonios Apolloniou II,Athenian,Athens,Male,t,t,,,,,,Apollonios,,,f
2489,Arabianus,Athenian,Athens,Male,f,t,,,,,,Arabianus,,,f
2490,Eutykhos,Athenian,Athens,Male,t,f,,,,,,Eutykhos,,,f
2491,Dryantianos,Athenian,Athens,Male,t,f,,,,,,Dryantianos,,,f
2492,Honoratiane Polykharmis Polykharmou,Athenian,Athens,Female,t,t,Praxagorid,Claudii of Melite,,Honoratiana,,Polykharmis,Polykharmidos,,f
2493,Fabius [.],Uncertain,Uncertain,Uncertain,f,t,,,,Fabius,,,,,t
2494,Flavia Prokleiane,Athenian,Athens,Female,t,t,,,,Flavia,,Prokleiane,,,f
2495,Fabius Demetrios,Athenian,Athens,Male,t,t,,,,Fabius,,Demetrios,,,f
2496,Fabius Aemelianos,Athenian,Athens,Male,t,t,,,,Fabius,,Aimelianos,,,f
2497,Fabius Proclus,Athenian,Athens,Male,t,t,,,,Fabius,,Proklus,,,f
2498,Eunnike Kallaiskhros,Athenian,Athens,Female,t,f,,,,,,Eunnike,Kallaiskhrou,,f
2499,Sedata,Roman,Rome,Female,f,f,,,,Sedata,,,,,f
2500,Polyzelos Xeinagorou,Athenian,Athens,Male,t,f,,,,,,Polyzelos,Xeinagorou,,f
2501,Hermippis,Athenian,Athens,Male,t,f,,,,,,Hermippis,,,f
2502,M. Ulpius Eubiotos Leuros Gargettios,Athenian,Athens,Male,t,t,,,Marcus,Ulpius,,Eubiotos Leuros,,Gargettos,f
2503,Casianus Hierokeryx,Athenian,Athens,Male,t,t,Casiani of Steiria,Casiani of Steiria,,,,Casianus,,Steiria,f
2504,T. Fl. Gklaukos Glaukou,Athenian,Athens,Male,t,t,,,Titus,Flavius,,Glaukos,Glaukou,,f
2505,Emperor Maximinus,Roman,Rome,Male,f,t,,,Gaius,Iulius,Verus Maximinus Thrax,,,,f
2506,Iun. Themistokles Polykharmidos,Athenian,Athens,Male,t,t,Praxagorid,Claudii of Melite,,Inius,,Themistokles,Polykharmidos,,f
2507,Perikles,Athenian,Athens,Male,t,f,,,,,,Perikles,Xanthippos,Kholargos,f
2508,Alexander the Great,Other Greek,Macedon,Male,t,f,,,,,,Alexander,Philippou,,f
2509,[?] Hierophant,Athenian,Athens,Male,t,f,,,,,,[?] Hierophant,,,t
2510,[?] Daughter of Glaukos,Athenian,Athens,Female,t,f,,,,,,[?] Daughter,Glaukou,,t
2511,"Nikagoras, Hierokeryx",Athenian,Athens,Male,t,f,,,,,,Nikagoras,,,f
2512,Plutarch,Other Greek,Boiotia,Male,f,t,,,Lucius,Mestrius,,Ploutarkhos,,,f
2513,Sextus,Other Greek,Boiotia,Male,f,t,,,Sextus,,,,,,f
2514,Dionysia Hermippidos,Athenian,Athens,Female,t,f,,,,,,Dionysia,Hermippidos,,f
2515,[?] Relative of an Orator,Uncertain,Uncertain,Uncertain,f,f,,,,,,,,,t
2516,"T. Fl., Altar-Priest",Athenian,Athens,Male,t,t,,,Titus,Flavius,,,,,f
2517,"Aerarius Sospatros, Daduch",Athenian,Athens,Male,t,t,,,,Aerarius,,Sospatros,,,f
2518,Damoteles,Athenian,Athens,Male,t,f,,,,,,Damoteles,,,f
2519,Thisbianos,Athenian,Athens,Male,t,f,,,,,,Thisbianos,,,f
2520,Emperor Gallienus,Imperial Family Member,Rome,Male,f,t,,,Publius,Licinius,Egnatius Gallienus,,,,f
2521,Iun. Minucianus,Roman,Rome,Male,f,t,,,,Iunius,Minucianus,Iun,,,f
2522,P. Ail. Herennius Dexippos,Athenian,Athens,Male,t,t,Publii Aelii Dionysii,,Publia,Aelia,,Herennios Dexippos,,,f
2523,Pyrros,Athenian,Athens,Male,t,f,,,,,,Pyrros,,,f
2524,Roupheinos,Athenian,Athens,Male,t,t,,,,,,Roupheinos,,,f
2525,Eunike Kallaiskhrou,Athenian,Athens,Male,t,f,,,,,,Eunike,Kallaiskhrou,Marathon,f
2526,Thaleia,Athenian,Athens,Female,t,f,,,,,,Thaleia,,,f
2527,Kallaiskhros,Athenian,Athens,Male,t,f,,,,,,Kallaiskhros,,Marathon,f
2528,Eisaios,Athenian,Athens,Male,t,f,,,,,,Eisaios,,,f
2529,Isidote,Athenian,Athens,Female,t,f,,,,,,Isidote,,,f
2530,Zoilos,Athenian,Athens,Male,t,f,,,,,,Zoilos,,,f
2531,Hierophant Glaukos,Athenian,Athens,Male,t,f,,,,,,Glaukos,,,f
2532,Emperor Diocletian,Imperial Family Member,Rome,Male,f,t,,,Gaius,Aurelius,Valerius Diocletianus,Emperor,,,f
2533,Emperor Maximianus,Imperial Family Member,Rome,Male,f,t,,,Marcus,Aurelius,Valerius Maximianus,Emperor,,,f
2534,[?] Proconsul,Uncertain,Rome,Male,f,t,,,,,,,,,t
2535,[?] Ptolemaios,Athenian,Athens,Male,t,f,,,,,,Ptolemaios,,,t
2536,[?] Exegete of Eumolpidai?,Athenian,Athens,Male,t,f,,,,,,,,,t
2537,Gn. [?],Athenian,Athens,Male,f,t,,,,,,,,,t
2538,Epigonos ,Athenian,Athens,Male,t,f,,,,,,Epigonos,,,f
2539,Artemisia,Athenian,Athens,Male,t,f,,,,,,Artemisia,,,f
2540,[?] Emperor,Imperial Family Member,Rome,Male,f,t,,,,,,,,,t
2541,T. Kl. Hierophantes Kallikratidou Trikorysios,Athenian,Athens,Male,t,t,,,Tiberius,Klaudius,,,Kallikratidou,Trikorysios,f
